brier_directional,interval_coverage_1sigma,mae_adjusted
0.2583509787732924,0.9467896417169209,0.07243284131355436
