fold,pnl_sim,objective
1,0.007687190864615025,0.038987260649816724
2,0.005133578247089527,0.0509550361451845
3,0.005988275538935512,0.06173635584201594
4,0.004587595606067645,0.058141481267957165
