delta_r2,rank_ic_base,rank_ic_full
0.008001620453057079,0.042423076275827774,0.07682894727444489
