fold,pnl_sim,objective
1,0.0,0.0
2,-0.027745937259220043,0.005169376201154312
3,0.023679086159886096,0.004245610593309558
4,-0.00579567521294011,0.1740708211278248
